-- phpMyAdmin SQL Dump
-- version 5.2.1
-- https://www.phpmyadmin.net/
--
-- 主機： 127.0.0.1
-- 產生時間： 2023-07-20 19:10:49
-- 伺服器版本： 10.4.28-MariaDB
-- PHP 版本： 8.2.4

SET SQL_MODE = "NO_AUTO_VALUE_ON_ZERO";
START TRANSACTION;
SET time_zone = "+00:00";


/*!40101 SET @OLD_CHARACTER_SET_CLIENT=@@CHARACTER_SET_CLIENT */;
/*!40101 SET @OLD_CHARACTER_SET_RESULTS=@@CHARACTER_SET_RESULTS */;
/*!40101 SET @OLD_COLLATION_CONNECTION=@@COLLATION_CONNECTION */;
/*!40101 SET NAMES utf8mb4 */;

--
-- 資料庫： `hire`
--

-- --------------------------------------------------------

--
-- 資料表結構 `cartmap`
--

CREATE TABLE `cartmap` (
  `cartMapId` int(7) NOT NULL,
  `account` varchar(30) NOT NULL,
  `productId` int(20) NOT NULL,
  `tradeType` varchar(20) NOT NULL,
  `rentStart` date NOT NULL,
  `rentEnd` date NOT NULL,
  `createTime` timestamp NOT NULL DEFAULT current_timestamp(),
  `updateTime` timestamp NOT NULL DEFAULT current_timestamp() ON UPDATE current_timestamp()
) ENGINE=InnoDB DEFAULT CHARSET=utf8mb4 COLLATE=utf8mb4_general_ci;

--
-- 傾印資料表的資料 `cartmap`
--

INSERT INTO `cartmap` (`cartMapId`, `account`, `productId`, `tradeType`, `rentStart`, `rentEnd`, `createTime`, `updateTime`) VALUES
(1, 'kevin', 1, '店到店', '2023-07-03', '2023-07-06', '2023-07-03 09:14:32', '2023-07-03 09:20:46'),
(2, 'kevin', 2, '店到店', '2023-07-03', '2023-07-07', '2023-07-03 09:15:31', '2023-07-03 09:15:31'),
(3, 'kevin890762', 4, '7-11取貨', '2023-07-03', '2023-07-07', '2023-07-11 07:18:03', '2023-07-11 07:18:03'),
(4, 'kevin890762', 19, '7-11取貨', '2023-07-03', '2023-08-10', '2023-07-11 07:18:03', '2023-07-11 07:18:03'),
(5, 'kevin890762', 22, '7-11取貨', '2023-07-14', '2023-08-09', '2023-07-11 07:18:54', '2023-07-11 07:18:54'),
(6, 'kevin890762', 18, '7-11取貨', '2023-07-17', '2023-08-10', '2023-07-11 07:18:54', '2023-07-11 07:18:54'),
(7, 'kevin890762', 1, '7-11取貨', '2023-07-03', '2023-07-23', '2023-07-11 07:20:40', '2023-07-11 07:20:40');

-- --------------------------------------------------------

--
-- 資料表結構 `creditcard`
--

CREATE TABLE `creditcard` (
  `cadrNumber` varchar(16) NOT NULL,
  `account` varchar(30) NOT NULL,
  `createTime` datetime NOT NULL DEFAULT current_timestamp(),
  `updateTime` datetime NOT NULL DEFAULT current_timestamp() ON UPDATE current_timestamp()
) ENGINE=InnoDB DEFAULT CHARSET=utf8mb4 COLLATE=utf8mb4_general_ci;

-- --------------------------------------------------------

--
-- 資料表結構 `favorites`
--

CREATE TABLE `favorites` (
  `id` int(11) NOT NULL,
  `productId` int(11) NOT NULL,
  `account` varchar(255) NOT NULL,
  `createTime` timestamp NOT NULL DEFAULT current_timestamp()
) ENGINE=InnoDB DEFAULT CHARSET=utf8mb4 COLLATE=utf8mb4_general_ci;

-- --------------------------------------------------------

--
-- 資料表結構 `imagemap`
--

CREATE TABLE `imagemap` (
  `imageSrc` varchar(50) NOT NULL,
  `name` varchar(30) NOT NULL,
  `productId` int(20) NOT NULL,
  `isDelete` tinyint(1) NOT NULL DEFAULT 0,
  `createTime` timestamp NOT NULL DEFAULT current_timestamp(),
  `updateTime` timestamp NOT NULL DEFAULT current_timestamp() ON UPDATE current_timestamp()
) ENGINE=InnoDB DEFAULT CHARSET=utf8mb4 COLLATE=utf8mb4_general_ci;

--
-- 傾印資料表的資料 `imagemap`
--

INSERT INTO `imagemap` (`imageSrc`, `name`, `productId`, `isDelete`, `createTime`, `updateTime`) VALUES
('camping/2 人防風防水雙門登山帳篷 (2.8kg)1 (1).jpg', '', 17, 0, '2023-07-09 15:16:06', '2023-07-09 15:16:06'),
('camping/2 人防風防水雙門登山帳篷 (2.8kg)1 (2).jpg', '', 17, 0, '2023-07-09 15:27:40', '2023-07-09 15:27:40'),
('camping/2 人防風防水雙門登山帳篷 (2.8kg)1 (3).jpg', '', 17, 0, '2023-07-09 15:27:40', '2023-07-09 15:27:40'),
('camping/2人加大透氣涼感快開兩秒帳篷 (超遮陽黑黑帳)21 (1).jpg', '', 18, 0, '2023-07-09 15:27:40', '2023-07-09 15:40:51'),
('camping/2人加大透氣涼感快開兩秒帳篷 (超遮陽黑黑帳)21 (2).jpg', '', 18, 0, '2023-07-09 15:27:40', '2023-07-09 15:27:40'),
('camping/2人加大透氣涼感快開兩秒帳篷 (超遮陽黑黑帳)21 (4).jpg', '', 18, 0, '2023-07-09 15:27:40', '2023-07-09 15:27:40'),
('camping/2人加大透氣涼感快開兩秒帳篷 (超遮陽黑黑帳)21 (5).jpg', '', 18, 0, '2023-07-09 15:27:40', '2023-07-09 15:27:40'),
('camping/4人1房1廳雙面紗窗充氣帳篷 (超遮陽黑黑帳)3.jpg', '', 19, 0, '2023-07-09 15:27:40', '2023-07-09 15:31:11'),
('camping/單人露營充氣床墊1 (1).jpg', '', 22, 0, '2023-07-09 15:27:40', '2023-07-09 15:27:40'),
('camping/單人露營充氣床墊1 (2).jpg', '', 22, 0, '2023-07-09 15:27:40', '2023-07-09 15:27:40'),
('camping/單人露營充氣床墊1 (3).jpg', '', 22, 0, '2023-07-09 15:27:40', '2023-07-09 15:27:40'),
('camping/鋁合金超輕量折疊蛋捲桌1 (1).jpg', '', 23, 0, '2023-07-09 15:27:40', '2023-07-09 15:27:40'),
('camping/鋁合金超輕量折疊蛋捲桌1 (2).jpg', '', 23, 0, '2023-07-09 15:27:40', '2023-07-09 15:27:40'),
('camping/雙人親膚舒適充氣床墊 (200x120x12cm)1 (1).jpg', '', 24, 0, '2023-07-09 15:27:40', '2023-07-09 15:27:40'),
('camping/雙人親膚舒適充氣床墊 (200x120x12cm)1 (2).jpg', '', 24, 0, '2023-07-09 15:27:40', '2023-07-09 15:27:40'),
('camping/雙人親膚舒適充氣床墊 (200x120x12cm)1 (3).jpg', '', 24, 0, '2023-07-09 15:27:40', '2023-07-09 15:27:40'),
('camping/露營可折疊蛋捲桌1 (1).jpg', '', 20, 0, '2023-07-09 15:27:40', '2023-07-09 15:36:47'),
('camping/露營可折疊蛋捲桌1 (2).jpg', '', 20, 0, '2023-07-09 15:27:40', '2023-07-09 15:36:47'),
('camping/露營可折疊蛋捲桌1 (3).jpg', '', 20, 0, '2023-07-09 15:27:40', '2023-07-09 15:36:47'),
('camping/露營扶手折疊椅1 (1).jpg', '', 25, 0, '2023-07-09 15:27:40', '2023-07-09 15:36:08'),
('camping/露營扶手折疊椅1 (2).jpg', '', 25, 0, '2023-07-09 15:27:40', '2023-07-09 15:36:08'),
('camping/露營舒適折疊躺椅1 (1).jpg', '', 27, 0, '2023-07-09 15:27:40', '2023-07-09 15:27:40'),
('camping/露營舒適折疊躺椅1 (2).jpg', '', 27, 0, '2023-07-09 15:27:40', '2023-07-09 15:27:40'),
('camping/露營舒適折疊躺椅1 (3).jpg', '', 27, 0, '2023-07-09 15:27:40', '2023-07-09 15:27:40'),
('camping/露營高效柴火爐22 (1).jpg', '', 26, 0, '2023-07-09 15:27:40', '2023-07-09 15:27:40'),
('camping/露營高效柴火爐22 (2).jpg', '', 26, 0, '2023-07-09 15:27:40', '2023-07-09 15:27:40'),
('cycling/24吋6速兒童自行車1 (1).jpg', '', 29, 0, '2023-07-09 16:07:25', '2023-07-09 16:07:25'),
('cycling/24吋6速兒童自行車1 (2).jpg', '', 29, 0, '2023-07-09 16:07:25', '2023-07-09 16:07:25'),
('cycling/24吋6速兒童自行車1 (3).jpg', '', 29, 0, '2023-07-09 16:07:25', '2023-07-09 16:07:25'),
('cycling/24吋兒童6速混合路面自行車 RR1001 (1).jpg', '', 30, 0, '2023-07-09 16:07:25', '2023-07-09 16:07:25'),
('cycling/24吋兒童6速混合路面自行車 RR1001 (2).jpg', '', 30, 0, '2023-07-09 16:07:25', '2023-07-09 16:07:25'),
('cycling/8速混合路面旅行車RIV120 RIVERSIDE32 (1).jpg', '', 28, 0, '2023-07-09 16:07:25', '2023-07-09 16:07:25'),
('cycling/8速混合路面旅行車RIV120 RIVERSIDE32 (2).jpg', '', 28, 0, '2023-07-09 16:07:25', '2023-07-09 16:07:25'),
('cycling/兒童款7速鋁合金公路車 Triban100 (135-150cm)1 (1).jpg', '', 33, 0, '2023-07-09 16:07:25', '2023-07-09 16:07:25'),
('cycling/兒童款7速鋁合金公路車 Triban100 (135-150cm)1 (2).jpg', '', 33, 0, '2023-07-09 16:07:25', '2023-07-09 16:07:25'),
('cycling/兒童款7速鋁合金公路車 Triban100 (135-150cm)1 (3).jpg', '', 33, 0, '2023-07-09 16:07:25', '2023-07-09 16:07:25'),
('cycling/強化玻璃纖維自行車水壺架22 (1).jpg', '', 35, 0, '2023-07-09 16:07:25', '2023-07-09 16:07:25'),
('cycling/強化玻璃纖維自行車水壺架22 (2).jpg', '', 35, 0, '2023-07-09 16:07:25', '2023-07-09 16:07:25'),
('cycling/強化玻璃纖維自行車水壺架22 (3).jpg', '', 35, 0, '2023-07-09 16:07:25', '2023-07-09 16:07:25'),
('cycling/紅光+白光3種模式自行車防水前後車燈組 (電池供電)1 (1).jpg', '', 34, 0, '2023-07-09 16:07:25', '2023-07-09 16:07:25'),
('cycling/紅光+白光3種模式自行車防水前後車燈組 (電池供電)1 (2).jpg', '', 34, 0, '2023-07-09 16:07:25', '2023-07-09 16:07:25'),
('cycling/紅光+白光3種模式自行車防水前後車燈組 (電池供電)1 (3).jpg', '', 34, 0, '2023-07-09 16:07:25', '2023-07-09 16:07:25'),
('cycling/自行車前後兩用車燈1 (1).jpg', '', 31, 0, '2023-07-09 16:07:25', '2023-07-09 16:07:25'),
('cycling/自行車前後兩用車燈1 (2).jpg', '', 31, 0, '2023-07-09 16:07:25', '2023-07-09 16:07:25'),
('cycling/防水多模式自行車前後車燈組 (USB充電)1 (1).jpg', '', 32, 0, '2023-07-09 16:07:25', '2023-07-09 16:07:25'),
('cycling/防水多模式自行車前後車燈組 (USB充電)1 (2).jpg', '', 32, 0, '2023-07-09 16:07:25', '2023-07-09 16:07:25'),
('cycling/防水多模式自行車前後車燈組 (USB充電)1 (3).jpg', '', 32, 0, '2023-07-09 16:07:25', '2023-07-09 16:07:25'),
('diving/divingAccessories1 (1).jpg', '', 1, 0, '2023-07-05 07:26:43', '2023-07-05 07:28:30'),
('diving/divingAccessories1 (2).jpg', '', 1, 0, '2023-07-05 07:26:43', '2023-07-05 07:28:30'),
('diving/divingAccessories1 (3).jpg', '', 1, 0, '2023-07-05 07:26:43', '2023-07-05 07:28:30'),
('diving/divingAccessories1 (4).jpg', '', 1, 0, '2023-07-05 07:26:43', '2023-07-05 07:28:30'),
('diving/divingFins1 (1).jpg', '', 2, 0, '2023-07-05 07:49:20', '2023-07-05 07:49:20'),
('diving/divingFins1 (2).jpg', '', 2, 0, '2023-07-05 07:49:20', '2023-07-05 07:49:20'),
('diving/divingFins1 (3).jpg', '', 2, 0, '2023-07-05 07:49:20', '2023-07-05 07:49:20'),
('diving/成人易呼吸全乾式浮潛面罩 (1).jpg', '', 3, 0, '2023-07-06 05:58:33', '2023-07-06 05:58:33'),
('diving/成人易呼吸全乾式浮潛面罩 (2).jpg', '', 3, 0, '2023-07-06 05:58:33', '2023-07-06 05:58:33'),
('diving/成人易呼吸全乾式浮潛面罩 (3).jpg', '', 3, 0, '2023-07-06 05:58:33', '2023-07-06 05:58:33'),
('diving/成人浮潛套腳式蛙鞋1 (1).jpg', '', 5, 0, '2023-07-06 05:58:33', '2023-07-06 05:58:33'),
('diving/成人浮潛套腳式蛙鞋1 (2).jpg', '', 5, 0, '2023-07-06 05:58:33', '2023-07-06 05:58:33'),
('diving/成人浮潛套腳式蛙鞋1 (3).jpg', '', 5, 0, '2023-07-06 05:58:33', '2023-07-06 05:58:33'),
('diving/成人浮潛套腳式蛙鞋1 (4).jpg', '', 5, 0, '2023-07-06 05:58:33', '2023-07-06 05:58:33'),
('diving/潛水單面鏡 (1).jpg', '', 4, 0, '2023-07-06 05:58:33', '2023-07-06 05:58:33'),
('diving/潛水單面鏡 (2).jpg', '', 4, 0, '2023-07-06 05:58:33', '2023-07-06 05:58:33'),
('diving/潛水單面鏡 (3).jpg', '', 4, 0, '2023-07-06 05:58:33', '2023-07-06 05:58:33'),
('diving/自由潛水面鏡-2.jpg', '', 6, 0, '2023-07-06 05:58:33', '2023-07-10 07:06:03'),
('diving/自由潛水面鏡1.jpg', '', 6, 0, '2023-07-06 05:58:33', '2023-07-06 05:58:33'),
('diving/鋁製潛水探棒1 (1).jpg', '', 7, 0, '2023-07-06 05:58:33', '2023-07-06 05:58:33'),
('diving/鋁製潛水探棒1 (2).jpg', '', 7, 0, '2023-07-06 05:58:33', '2023-07-06 05:58:33'),
('mountain/15 流明 10m 照度登山健行頭燈 (手動充電)1 (1).jpg', '', 39, 0, '2023-07-09 16:27:44', '2023-07-09 16:27:44'),
('mountain/15 流明 10m 照度登山健行頭燈 (手動充電)1 (2).jpg', '', 39, 0, '2023-07-09 16:27:44', '2023-07-09 16:27:44'),
('mountain/15 流明 10m 照度登山健行頭燈 (手動充電)1 (3).jpg', '', 39, 0, '2023-07-09 16:27:44', '2023-07-09 16:27:44'),
('mountain/2D 直握把 卡榫式調節登山杖1 (1).jpg', '', 36, 0, '2023-07-09 16:27:44', '2023-07-09 16:27:44'),
('mountain/2D 直握把 卡榫式調節登山杖1 (2).jpg', '', 36, 0, '2023-07-09 16:27:44', '2023-07-09 16:27:44'),
('mountain/2D 直握把 卡榫式調節登山杖1 (3).jpg', '', 36, 0, '2023-07-09 16:27:44', '2023-07-09 16:27:44'),
('mountain/3D 直握把 卡榫式+外鎖式調節 摺疊登山杖1 (1).jpg', '', 37, 0, '2023-07-09 16:27:44', '2023-07-09 16:27:44'),
('mountain/3D 直握把 卡榫式+外鎖式調節 摺疊登山杖1 (2).jpg', '', 37, 0, '2023-07-09 16:27:44', '2023-07-09 16:27:44'),
('mountain/3D 直握把 卡榫式+外鎖式調節 摺疊登山杖1 (3).jpg', '', 37, 0, '2023-07-09 16:27:44', '2023-07-09 16:27:44'),
('mountain/3D 直握把 鋁合金外鎖式調節登山杖.jpg', '', 38, 0, '2023-07-09 16:27:44', '2023-07-09 16:27:44'),
('mountain/80 流明 25m 照度登山健行頭燈12 (1).jpg', '', 41, 0, '2023-07-09 16:27:44', '2023-07-09 16:27:44'),
('mountain/80 流明 25m 照度登山健行頭燈12 (2).jpg', '', 41, 0, '2023-07-09 16:27:44', '2023-07-09 16:27:44'),
('mountain/T 型握把 卡榫式調節登山杖1 (1).jpg', '', 45, 0, '2023-07-09 16:27:44', '2023-07-09 16:27:44'),
('mountain/T 型握把 卡榫式調節登山杖1 (2).jpg', '', 45, 0, '2023-07-09 16:27:44', '2023-07-09 16:27:44'),
('mountain/T 型握把 卡榫式調節登山杖1 (3).jpg', '', 45, 0, '2023-07-09 16:27:44', '2023-07-09 16:27:44'),
('mountain/卡榫式+外鎖式調節 摺疊登山杖 (1).jpg', '', 42, 0, '2023-07-09 16:27:44', '2023-07-09 16:27:44'),
('mountain/卡榫式+外鎖式調節 摺疊登山杖 (2).jpg', '', 42, 0, '2023-07-09 16:27:44', '2023-07-09 16:27:44'),
('mountain/登山健行柔軟充氣式枕頭1 (1).jpg', '', 44, 0, '2023-07-09 16:27:44', '2023-07-09 16:27:44'),
('mountain/登山健行柔軟充氣式枕頭1 (2).jpg', '', 44, 0, '2023-07-09 16:27:44', '2023-07-09 16:27:44'),
('mountain/登山健行柔軟充氣式枕頭1 (3).jpg', '', 44, 0, '2023-07-09 16:27:44', '2023-07-09 16:27:44'),
('mountain/登山健行柔軟充氣式枕頭1 (4).jpg', '', 44, 0, '2023-07-09 16:27:44', '2023-07-09 16:27:44'),
('mountain/高機能二節式旋鈕調節登山杖1 (1).jpg', '', 43, 0, '2023-07-09 16:27:44', '2023-07-09 16:27:44'),
('mountain/高機能二節式旋鈕調節登山杖1 (2).jpg', '', 43, 0, '2023-07-09 16:27:44', '2023-07-09 16:27:44'),
('mountain/高機能二節式旋鈕調節登山杖1 (3).jpg', '', 43, 0, '2023-07-09 16:27:44', '2023-07-09 16:27:44'),
('mountain/高機能二節式旋鈕調節登山杖1 (4).jpg', '', 43, 0, '2023-07-09 16:27:44', '2023-07-09 16:27:44'),
('waterSport/50N 浮力背心1 (1).jpg', '', 8, 0, '2023-07-07 05:59:05', '2023-07-07 05:59:05'),
('waterSport/50N 浮力背心1 (2).jpg', '', 8, 0, '2023-07-07 05:59:05', '2023-07-07 05:59:05'),
('waterSport/50N 浮力背心1 (3).jpg', '', 8, 0, '2023-07-07 05:59:05', '2023-07-07 05:59:05'),
('waterSport/充氣式三人皮艇11 (1).jpg', '', 9, 0, '2023-07-07 05:59:05', '2023-07-07 05:59:05'),
('waterSport/充氣式三人皮艇11 (2).jpg', '', 9, 0, '2023-07-07 05:59:05', '2023-07-07 05:59:05'),
('waterSport/充氣式三人皮艇11 (3).jpg', '', 9, 0, '2023-07-07 05:59:05', '2023-07-07 05:59:05'),
('waterSport/充氣式單人獨木舟1 (1).jpg', '', 10, 0, '2023-07-07 05:59:05', '2023-07-07 05:59:05'),
('waterSport/充氣式單人獨木舟1 (2).jpg', '', 10, 0, '2023-07-07 05:59:05', '2023-07-07 05:59:05'),
('waterSport/充氣式單人獨木舟1 (3).jpg', '', 10, 0, '2023-07-07 05:59:05', '2023-07-07 05:59:05'),
('waterSport/四截可調式獨木舟 (適用於充氣船)1 (1).jpg', '', 11, 0, '2023-07-07 05:59:05', '2023-07-07 05:59:05'),
('waterSport/四截可調式獨木舟 (適用於充氣船)1 (2).jpg', '', 11, 0, '2023-07-07 05:59:05', '2023-07-07 05:59:05'),
('waterSport/四截可調式獨木舟 (適用於充氣船)1 (3).jpg', '', 11, 0, '2023-07-07 05:59:05', '2023-07-07 05:59:05'),
('waterSport/成人初階舒適浮潛蛙鞋11 (1).jpg', '', 12, 0, '2023-07-07 05:59:05', '2023-07-07 05:59:05'),
('waterSport/成人初階舒適浮潛蛙鞋11 (2).jpg', '', 12, 0, '2023-07-07 05:59:05', '2023-07-07 05:59:05'),
('waterSport/成人初階舒適浮潛蛙鞋11 (3).jpg', '', 12, 0, '2023-07-07 05:59:05', '2023-07-07 05:59:05'),
('waterSport/成人姿勢矯正游泳划手板22 (1).jpg', '', 13, 0, '2023-07-07 05:59:05', '2023-07-07 05:59:05'),
('waterSport/成人姿勢矯正游泳划手板22 (2).jpg', '', 13, 0, '2023-07-07 05:59:05', '2023-07-07 05:59:05'),
('waterSport/成人姿勢矯正游泳划手板22 (3).jpg', '', 13, 0, '2023-07-07 05:59:05', '2023-07-07 05:59:05'),
('waterSport/成人姿勢矯正游泳划手板22 (4).jpg', '', 13, 0, '2023-07-07 05:59:05', '2023-07-07 05:59:05'),
('waterSport/成人款帆船用靴子1 (1).jpg', '', 14, 0, '2023-07-07 05:59:05', '2023-07-07 05:59:05'),
('waterSport/成人款帆船用靴子1 (2).jpg', '', 14, 0, '2023-07-07 05:59:05', '2023-07-07 05:59:05'),
('waterSport/成人款帆船用靴子1 (3).jpg', '', 14, 0, '2023-07-07 05:59:05', '2023-07-07 05:59:05'),
('waterSport/成人游泳訓練短蛙鞋1 (1).jpg', '', 15, 0, '2023-07-07 05:59:05', '2023-07-07 05:59:05'),
('waterSport/成人游泳訓練短蛙鞋1 (2).jpg', '', 15, 0, '2023-07-07 05:59:05', '2023-07-07 05:59:05'),
('waterSport/成人游泳訓練短蛙鞋1 (3).jpg', '', 15, 0, '2023-07-07 05:59:05', '2023-07-07 05:59:05'),
('waterSport/高壓充氣式底座雙人皮艇22 (1).jpg', '', 16, 0, '2023-07-07 05:59:05', '2023-07-07 05:59:05'),
('waterSport/高壓充氣式底座雙人皮艇22 (2).jpg', '', 16, 0, '2023-07-07 05:59:05', '2023-07-07 05:59:05');

-- --------------------------------------------------------

--
-- 資料表結構 `product`
--

CREATE TABLE `product` (
  `productId` int(20) NOT NULL,
  `productAccount` varchar(30) NOT NULL,
  `productCategoryChild` varchar(20) NOT NULL,
  `cityCounty` varchar(20) NOT NULL,
  `area` varchar(20) NOT NULL,
  `productName` varchar(20) NOT NULL,
  `accessory` varchar(20) DEFAULT NULL,
  `productDetail` varchar(200) DEFAULT NULL,
  `rent` int(5) NOT NULL,
  `deposit` int(5) NOT NULL,
  `state` tinyint(1) NOT NULL DEFAULT 0,
  `isDelete` tinyint(1) NOT NULL DEFAULT 0,
  `createTime` timestamp NOT NULL DEFAULT current_timestamp(),
  `updateTime` timestamp NOT NULL DEFAULT current_timestamp() ON UPDATE current_timestamp(),
  `rentalStatus` varchar(20) DEFAULT NULL,
  `AvgRating` decimal(2,1) DEFAULT NULL
) ENGINE=InnoDB DEFAULT CHARSET=utf8mb4 COLLATE=utf8mb4_general_ci;

--
-- 傾印資料表的資料 `product`
--

INSERT INTO `product` (`productId`, `productAccount`, `productCategoryChild`, `cityCounty`, `area`, `productName`, `accessory`, `productDetail`, `rent`, `deposit`, `state`, `isDelete`, `createTime`, `updateTime`, `rentalStatus`, `AvgRating`) VALUES
(1, '3x7Y90', 'divingAccessories', '臺中市', '南屯區', '2mm 保暖浮潛／潛水襪', NULL, '\r\n2mm 保暖浮潛／潛水襪是一款功能強大的潛水配件，適合各種水中活動。它採用2mm的厚度設計，提供優越的保暖效果，使您在潛水或浮潛過程中感到舒適和溫暖。這款襪子具有出色的彈性和貼合度，能夠緊密包覆您的腳部，提供良好的保護和支撐。同時，它還具有防滑和耐磨的特性，提供更好的穩定性和耐用性。無論是在海洋探險、水上運動或潛水訓練中，2mm 保暖浮潛／潛水襪都是您的理想選擇。穿上這款襪子，您將享受到更長時', 65, 50, 0, 0, '2023-06-29 01:53:43', '2023-07-20 14:13:29', '未出租', 2.4),
(2, 'B28y4Sd', 'divingFins', '臺南市', '安南區', '成人初階舒適浮潛蛙鞋', NULL, '成人初階舒適浮潛蛙鞋是一款專為浮潛愛好者設計的理想選擇。這款蛙鞋採用舒適的材料製成，提供優異的穿著感和適應性。它具有出色的防滑底部，可以提供穩定的步行和游泳體驗，讓您自信地在水中移動。蛙鞋的設計還考慮到舒適性和通風性，讓您的腳部保持涼爽和乾燥。它輕巧且易於穿脫，是理想的旅行伴侶，無論是在海灘度假還是水上活動中都能提供良好的保護和支持。成人初階舒適浮潛蛙鞋是您開始浮潛之旅的必備裝備，為您帶來舒適和愉', 100, 50, 0, 0, '2023-07-03 01:53:43', '2023-07-09 16:34:33', '未出租', NULL),
(3, 'a6ZQ2M', 'divingMask', '高雄市', '左營區', '成人易呼吸全乾式浮潛面罩Easybrea', NULL, '成人易呼吸全乾式浮潛面罩Easybrea是一款創新設計的浮潛面罩，讓您輕鬆享受浮潛的樂趣。這款面罩採用全乾式設計，讓您呼吸更加順暢，無需擔心水滲入。它配備大視野透明鏡片，讓您觀察海底世界的美麗景色。舒適的面罩密封設計，可有效防止水進入，讓您保持乾爽舒適。易調節的頭帶設計，適合不同大小的頭部，穩固又舒適。成人易呼吸全乾式浮潛面罩Easybrea是您順暢呼吸並探索海洋生態的理想選擇。', 139, 50, 0, 0, '2023-07-01 01:53:43', '2023-07-19 07:38:00', '未出租', NULL),
(4, 'P39e5iR', 'divingMask', '新北市', '永和區', '成人浮潛／潛水單面鏡', NULL, '簡潔而功能強大。提供清晰視野，讓您盡情探索海底世界。舒適的設計和可調整的頭帶確保穩固貼合，讓您享受輕鬆浮潛體驗。無論是初學者還是經驗豐富的潛水愛好者，這款單面鏡都能滿足您的需求。', 173, 50, 0, 0, '2023-07-05 01:53:43', '2023-07-09 16:34:33', '未出租', NULL),
(5, 'f2KjT4Y1', 'divingFins', '桃園市', '中壢區', '成人浮潛套腳式蛙鞋', NULL, '成人浮潛套腳式蛙鞋，輕量舒適，提供絕佳的腳部保護和防滑性能。設計符合人體工學，穩固貼合腳型，讓您在水中輕盈自如。適用於浮潛、潛水和水上活動，讓您享受水下世界的樂趣。無論您是初學者還是專業潛水員，這款浮潛蛙鞋都是您的理想選擇。\r\n\r\n\r\n\r\n\r\n', 200, 50, 0, 0, '2023-07-04 01:53:43', '2023-07-19 07:38:16', '未出租', NULL),
(6, 'dCn5G0Wx8', 'divingMask', '新竹市', '東區', '自由潛水面鏡', NULL, '自由潛水面鏡，專為自由潛水愛好者設計。採用高品質鏡片和舒適的面框，提供清晰的視野和優異的密封性能。輕巧便攜的設計讓您自由潛水時更加輕盈自在。無論您是初學者還是經驗豐富的自由潛水運動員，這款面鏡都能滿足您對於品質和性能的需求，讓您享受沉浸在海洋中的美妙體驗。', 186, 50, 0, 0, '2023-06-30 01:53:43', '2023-07-09 16:34:33', '未出租', NULL),
(7, 'R9zKuqX75', 'divingAccessories', '基隆市', '中正區', '鋁製潛水探棒', NULL, '鋁製潛水探棒是一種輕巧且堅固的潛水工具，用於探索水下環境和觸摸物體。它由高質量的鋁材料製成，具有耐腐蝕和耐用的特性。探棒的設計使其易於握持和操作，同時也提供了舒適的手感。無論您是進行潛水探險、水中攝影或是進行水下環境觀察，鋁製潛水探棒都能幫助您更好地探索水下世界，增加安全性和便利性。', 300, 100, 0, 0, '2023-07-02 01:53:43', '2023-07-19 07:38:33', '未出租', NULL),
(8, '3x7Y90', 'swimmingEquipment', '臺中市', '南屯區', '50N 浮力背心', NULL, '50N 浮力背心不僅提供浮力，還能提供舒適和自由的動作。它不會限制您的活動範圍，讓您可以自在地進行各種水上活動。這款背心是水上活動愛好者的理想選擇，讓您在享受水上樂趣的同時，保持安全和舒適。無論您是水上運動愛好者還是初學者，50N 浮力背心都能為您提供卓越的保護和舒適體驗。', 250, 50, 0, 0, '2023-07-07 05:36:41', '2023-07-19 07:33:39', '未出租', NULL),
(9, 'B28y4Sd', 'paddleBoat', '新北市', '板橋區', '充氣式三人皮艇', NULL, '充氣式三人皮艇是一款適合戶外水上活動的船艇。它採用高品質的充氣材料製造，輕便易攜帶。無論是湖泊、河流還是海洋，這艘皮艇都能提供穩定的浮力和出色的操控性能。舒適的座椅和寬敞的空間可供三人同時使用，享受水上樂趣。無需額外工具，只需幾分鐘即可輕鬆充氣和放氣。帶著充氣式三人皮艇，您可以探索不同的水域，暢游自然風景，留下美好的回憶。', 800, 1000, 0, 0, '2023-07-07 05:36:41', '2023-07-19 07:38:48', '未出租', NULL),
(10, 'a6ZQ2M', 'kayak', '臺南市', '北區', '充氣式單人獨木舟', NULL, '充氣式單人獨木舟是一種輕便且便於攜帶的水上運動器材。這款獨木舟使用高品質的充氣材料製成，具有良好的浮力和穩定性，適合在湖泊、河流或海洋上進行划船活動。它具有獨特的設計，提供舒適的座椅和足夠的空間，讓划船者享受愉快的划水體驗。充氣式單人獨木舟不僅易於使用和操作，而且在不使用時可以方便地收納和攜帶。無論是探索湖泊的寧靜，還是冒險河流的刺激，這款獨木舟都能為您帶來愉快和難忘的水上冒險。', 1000, 2000, 0, 0, '2023-07-07 05:36:41', '2023-07-11 01:51:04', '未出租', NULL),
(11, 'P39e5iR', 'kayak', '高雄市', '前鎮區', '四截可調式獨木舟 (適用於充氣船)', NULL, '\r\n四截可調式獨木舟是一款特別設計為充氣船使用的獨木舟。這款獨木舟由四節可調式的部件組成，使其能夠根據使用者的需求進行調整和組裝。不論是單人還是雙人划船，這款獨木舟都能提供穩定和平衡的划水體驗。其輕巧且易於攜帶的特性使得它成為旅行和戶外活動的理想選擇。無論是在湖泊、河流還是海灘上，這款獨木舟都能讓您輕鬆自在地享受水上冒險。優質材料和堅固的結構確保了其耐用性和安全性，讓您能夠長時間使用並放心享受划船', 888, 2000, 0, 0, '2023-07-07 05:36:41', '2023-07-19 07:39:26', '未出租', NULL),
(12, 'f2KjT4Y1', 'swimmingEquipment', '臺北市', '大安區', '成人初階舒適浮潛蛙鞋', NULL, '成人初階舒適浮潛蛙鞋是為浮潛愛好者設計的一款蛙鞋。這款蛙鞋採用高品質的材料製成，提供出色的舒適度和耐用性。其設計考慮到成人使用者的需求，提供優越的適應性和穩定性，確保穿戴者能夠自在地在水中探索。這款蛙鞋具有良好的防滑功能，配備調節帶和魔術貼設計，可根據腳的尺寸進行調整，緊密貼合腳部，提供安全穩固的穿戴體驗。', 500, 600, 0, 0, '2023-07-07 05:36:41', '2023-07-11 06:06:30', '未出租', NULL),
(13, 'dCn5G0Wx8', 'swimmingEquipment', '桃園市', '中壢區', '成人姿勢矯正游泳划手板', NULL, '成人姿勢矯正游泳划手板是一種專為成人設計的游泳訓練工具。它的主要功能是幫助改善游泳姿勢，提升划水技巧和效率。這款划手板採用高品質的材料製造，具有耐用性和舒適的設計。它的特殊形狀和握把設計可以幫助游泳者保持正確的手部姿勢，促進手臂和肩膀的正確運動軌跡。', 500, 1000, 0, 0, '2023-07-07 05:36:41', '2023-07-19 07:39:34', '未出租', NULL),
(14, 'R9zKuqX75', 'swimmingEquipment', '新竹市', '東區', '成人款帆船用靴子', NULL, '成人款帆船用靴子是專為帆船愛好者和船員設計的船上靴子。這款靴子具有防水和防滑功能，能有效保護腳部免受水花、濕氣和滑倒的影響。它採用耐用的材料製造，經過精心設計，提供良好的支撐和舒適的穿著感。靴子的鞋底設計具有優異的抓地力，可以在潮濕和滑溜的甲板上提供穩定的步行和站立支撐。', 700, 1000, 0, 0, '2023-07-07 05:36:41', '2023-07-11 01:51:04', '未出租', NULL),
(15, 'R9zKuqX75', 'swimmingEquipment', '基隆市', '安樂區', '成人游泳訓練短蛙鞋', NULL, '\r\n成人游泳訓練短蛙鞋是專為游泳愛好者和訓練者設計的腳部裝備。這款短蛙鞋採用輕量化設計，提供靈活度和自由度，讓您在水中自如移動。它具有良好的適應性和貼合度，確保穩定而舒適的腳部感覺。這款蛙鞋的鞋底設計提供出色的抓地力和防滑功能，使您能更有效地推進和掌握游泳技巧。', 700, 1000, 0, 0, '2023-07-07 05:36:41', '2023-07-19 07:39:51', '未出租', NULL),
(16, 'R9zKuqX75', 'paddleBoat', '嘉義市', '西區', '高壓充氣式底座雙人皮艇', NULL, '高壓充氣式底座雙人皮艇是一款設計精良的兩人充氣皮艇。這款皮艇採用高壓充氣技術，能夠提供出色的穩定性和浮力，讓您在水上享受順暢的划行體驗。它配備了舒適的底座，提供良好的支撐和坐姿，讓您在航行中感到舒適和平衡。皮艇的材質堅固耐用，能夠應對不同的水域環境，並具有良好的耐用性和防漏功能。', 1399, 2000, 0, 0, '2023-07-10 05:36:41', '2023-07-11 01:51:04', '未出租', NULL),
(17, '3x7Y90', 'tent', '臺中市', '南屯區', '人防風防水雙門登山帳篷 (2.8kg)', NULL, '人防風防水雙門登山帳篷是一款重量輕巧的登山帳篷，僅重2.8公斤。這款帳篷設計獨特，擁有兩個門口，方便進出和通風。它具有出色的防風和防水性能，能夠在惡劣的天氣條件下提供可靠的保護。', 888, 1000, 0, 0, '2023-07-11 15:02:40', '2023-07-12 15:02:40', '未出租', NULL),
(18, 'B28y4Sd', 'tent', '臺中市', '南屯區', '透氣涼感快開兩秒帳篷 (超遮陽)', '鐵樁,天線繩', '透氣涼感快開兩秒帳篷是一款設計獨特的帳篷，開啟只需短短兩秒鐘即可完成。它具有優異的透氣性能，能夠讓空氣流通，提供涼爽的感覺，讓您在帳篷內享受舒適的環境。此外，帳篷還擁有超強的遮陽效果，能有效阻擋陽光的直射，為您提供陰涼的空間。', 800, 200, 0, 0, '2023-07-13 15:02:40', '2023-07-19 07:40:06', '未出租', NULL),
(19, 'a6ZQ2M', 'tent', '臺中市', '南屯區', '4人1房1廳雙面紗窗充氣帳篷 ', NULL, '4人1房1廳雙面紗窗充氣帳篷是一款寬敞舒適的帳篷，適合4人同行露營使用。它擁有獨立的睡眠區域和起居區域，提供足夠的空間供大家休息和活動。這款帳篷採用雙面紗窗設計，可以提供良好的通風效果，讓空氣流通，同時有效防蚊蟲入侵。充氣式的設計使得搭建更加便捷，只需使用充氣泵即可快速完成。帳篷材質堅固耐用，能夠抵擋風雨和陽光，為您提供安全舒適的露營環境。', 1200, 300, 0, 0, '2023-07-19 15:02:40', '2023-07-19 07:45:13', '出租中', NULL),
(20, 'R9zKuqX75', 'picnicTableChair', '新北市', '三峽區', '露營可折疊蛋捲桌', NULL, '露營可折疊蛋捲桌是一款便攜且多功能的露營桌子。它具有折疊設計，方便攜帶和儲存。採用耐用材料製造，能夠承載重物並提供穩定的支撐。適合露營、野餐、釣魚等戶外活動使用。蛋捲桌提供足夠的桌面空間，可用於放置食物、飲料和其他物品。簡單易用的設計，讓您在露營時享受舒適的用餐體驗。無論是家庭露營還是野外冒險，這款可折疊蛋捲桌都是理想的選擇。', 500, 700, 0, 0, '2023-07-09 15:02:40', '2023-07-11 06:01:09', '未出租', NULL),
(22, 'f2KjT4Y1', 'moisturePad', '臺北市', '信義區', '單人露營充氣床墊', NULL, '單人露營充氣床墊是一款輕便且舒適的睡眠解決方案。它採用高品質的材料製造，具有良好的耐用性和舒適度。這款充氣床墊可以迅速膨脹和放氣，方便攜帶和使用。它提供了柔軟的睡眠平臺，為您提供舒適的睡眠體驗，無論是在野外露營還是旅行期間。床墊的尺寸適合單人使用，輕巧易攜帶，並且可以輕鬆放入您的背包或露營包中。無論您是露營愛好者還是需要臨時的睡眠解決方案，這款單人露營充氣床墊都是您的理想選擇。', 455, 700, 0, 0, '2023-07-09 15:02:40', '2023-07-19 07:45:27', '出租中', NULL),
(23, '3x7Y90', 'picnicTableChair', '新北市', '板橋區', '鋁合金超輕量折疊蛋捲桌', NULL, '鋁合金超輕量折疊蛋捲桌是一款便攜且堅固的露營桌。它使用高品質的鋁合金材料製成，具有出色的輕量化特性和耐久性。這款桌子採用蛋捲式設計，可以快速展開和摺疊，方便攜帶和儲存。它的結構堅固穩定，能夠承受重物並提供可靠的支撐。桌面平整寬敞，適合放置食物、飲品和其他物品。無論是露營、野餐、郊遊還是露天活動，這款折疊蛋捲桌都是理想的選擇。它不僅輕便易攜帶，還能為您提供舒適的用餐和休憩空間，讓您享受愉快的戶外時光', 300, 500, 0, 0, '2023-07-09 15:02:40', '2023-07-11 06:01:09', '未出租', NULL),
(24, 'B28y4Sd', 'moisturePad', '彰化縣', '秀水鄉', '雙人親膚舒適充氣床墊', NULL, '雙人親膚舒適充氣床墊提供了舒適的睡眠體驗。這款床墊專為雙人而設，採用高品質的材料製成，具有親膚的觸感，讓您能夠享受舒適的睡眠。它具有優異的充氣效果，可以迅速膨脹和放氣，方便攜帶和使用。床墊表面平整且柔軟，提供了均勻的支撐力和良好的睡眠姿勢。', 500, 1000, 0, 0, '2023-07-09 15:02:40', '2023-07-19 07:40:27', '未出租', NULL),
(25, 'a6ZQ2M', 'picnicTableChair', '高雄市', '苓雅區', '露營扶手折疊椅', NULL, '露營扶手折疊椅是您露營旅行中的理想伴侶。這款椅子設計簡潔，配有舒適的扶手，提供良好的支撐和舒適的坐姿。它採用輕便且耐用的材料製成，重量輕，方便攜帶和收納。您可以輕鬆地將椅子摺疊起來，放入行李箱或車輛後備箱中，隨時隨地享受休息和放鬆的時刻。不論是在露營地、野外或露台上，這款扶手折疊椅都能提供舒適的坐姿，讓您盡情享受大自然的美好。', 300, 500, 0, 0, '2023-07-09 15:02:40', '2023-07-19 07:45:35', '出租中', NULL),
(26, 'P39e5iR', 'outdoorStove', '南投縣', '仁愛鄉', '露營高效柴火爐', NULL, '露營高效柴火爐是您露營活動中的必備工具。這款柴火爐設計簡單，但卻能提供高效的燃燒效果。它使用可再生的柴火作為燃料，無需依賴瓦斯罐或電源，非常環保和經濟。擁有出色的燃燒效率，它能迅速將柴火燃燒為熾熱的火焰，提供足夠的熱量和火力。此外，它的設計還能有效地控制火勢和煙霧，確保您的露營區域乾淨無污染。', 700, 1000, 0, 0, '2023-07-09 15:02:40', '2023-07-11 06:01:09', '未出租', NULL),
(27, 'f2KjT4Y1', 'picnicTableChair', '臺北市', '大安區', '露營舒適折疊躺椅', NULL, '露營舒適折疊躺椅是您露營休閒的理想選擇。這款躺椅設計簡潔、便攜，提供絕佳的舒適度和支撐力。它使用高質量的材料製造，具有堅固的結構和耐用性，可以承受重量和長時間使用。躺椅採用可調節的背部角度，讓您可以輕鬆調整至最舒適的姿勢，享受放鬆的時刻。', 400, 800, 0, 0, '2023-07-09 15:02:40', '2023-07-19 07:45:46', '出租中', NULL),
(28, '3x7Y90', 'bicycle', '臺北市', '中山區', '8速混合路面旅行車RIV120 RIVE', NULL, 'RIV120是一款功能強大的8速混合路面旅行車，專為追求多樣化騎行體驗的騎士而設計。它結合了公路車和山地車的優點，具有卓越的多用途性能和舒適性。\r\n\r\n這款旅行車採用高品質的車架和部件，提供出色的穩定性和耐用性。它配備了8速變速系統，讓您輕鬆應對各種路況和坡度。無論是城市街道、郊區小徑還是山區道路，您都可以靈活適應，享受順暢的騎行體驗。', 999, 1355, 0, 0, '2023-07-09 16:01:43', '2023-07-19 07:45:53', '出租中', NULL),
(29, 'B28y4Sd', 'bicycle', '新北市', '板橋區', '24吋6速兒童自行車', NULL, '24吋6速兒童自行車是專為年輕騎士而設計的功能性自行車。它具有適合兒童騎乘的尺寸和特點，提供舒適、安全和有趣的騎行體驗。\r\n\r\n這款兒童自行車配備了24吋的輪組，適合身高較高的兒童使用。它擁有6速變速系統，讓孩子可以根據路況和需求進行變速，輕鬆應對各種騎行環境。\r\n\r\n該自行車還具有強大的煞車系統，提供可靠的制動性能，確保騎行安全。同時，它還配備了舒適的座墊和握把，讓孩子能夠享受舒適的騎行體驗。', 1111, 1500, 0, 0, '2023-07-09 16:01:43', '2023-07-11 06:01:09', '未出租', NULL),
(30, 'a6ZQ2M', 'bicycle', '桃園市', '中壢區', '24吋兒童6速混合路面自行車 RR100', NULL, '24吋兒童6速混合路面自行車RR100是專為兒童設計的功能性自行車，適合在不同路面上騎行。它具有適合兒童的尺寸和特點，提供舒適、安全和流暢的騎行體驗。\r\n\r\n該自行車擁有24吋的輪組，適合身高較高的兒童使用。它配備了6速變速系統，讓孩子能夠根據路況和需求進行變速，輕鬆應對各種騎行環境。無論是在平坦的道路上騎行或是面對較陡峭的上坡，孩子都能輕鬆調整到合適的檔位。', 888, 1200, 0, 0, '2023-07-09 16:01:43', '2023-07-19 07:41:01', '未出租', NULL),
(31, 'P39e5iR', 'bikeLight', '花蓮縣', '秀林鄉', '自行車前後兩用車燈', NULL, '自行車前後兩用車燈是一種功能強大的照明裝置，旨在提供安全且可見性高的騎行燈光。\r\n\r\n該車燈設有前照燈和後照燈，方便騎行者在夜間或低能見度條件下保持良好的能見度。前照燈通常採用高亮度LED燈珠，能提供明亮且遠射的照明效果，幫助騎行者清晰地看到前方的路面和障礙物。後照燈則通常設有紅色燈珠，可以增強騎行者在後方的可見性，提醒後方車輛或行人注意到自行車的存在。\r\n\r\n這些車燈通常具有多種照明模式，例如恆', 62, 500, 0, 0, '2023-07-09 16:01:43', '2023-07-11 06:01:09', '未出租', NULL),
(32, 'f2KjT4Y1', 'bikeLight', '臺南市', '東區', '防水多模式自行車前後車燈組', NULL, '防水多模式自行車前後車燈組是一套功能強大且多功能的自行車照明裝置，旨在提供騎行安全和可見性。\r\n\r\n這套車燈組包含前照燈和後照燈，具備防水功能，能在各種天氣條件下使用。它們設有多種照明模式，可以根據需求選擇不同的模式，例如恆亮模式、閃爍模式、呼吸模式等。這些模式能夠提供不同的照明效果，增強騎行者在道路上的可見性。\r\n', 150, 400, 0, 0, '2023-07-09 16:01:43', '2023-07-19 07:41:38', '未出租', NULL),
(33, 'dCn5G0Wx8', 'bicycle', '高雄市', '左營區', '兒童款7速鋁合金公路車 Triban10', NULL, '這款公路車使用鋁合金框架，使得車身更輕盈且堅固，有助於提升騎行效能和操控性能。它採用7速變速系統，讓兒童在不同的路況下能夠調整適合的檔位，輕鬆應對上坡、下坡和平路騎行。同時，這款車還搭配高效的剎車系統，提供可靠的制動效果，增加騎行的安全性。\r\n\r\nTriban10兒童公路車設計符合人體工學，提供舒適的騎行姿勢和良好的操控性。它配備了符合兒童尺寸的車把和坐墊，確保騎行的舒適性和適應性。此外，該車還配', 1000, 431, 0, 0, '2023-07-09 16:01:43', '2023-07-11 06:02:20', '未出租', NULL),
(34, 'R9zKuqX75', 'bikeLight', '基隆市', '中正區', '自行車防水前後車燈組', NULL, '自行車防水前後車燈組是一款設計專為騎行者安全而製造的配件。這組燈具具有防水功能，可確保在潮濕或下雨的環境下仍能正常運作。\r\n\r\n前後車燈組通常包括前燈和後燈兩個部分，以提供全方位的照明和警示效果。前燈通常採用高亮度LED燈珠，可提供明亮的前方照明，讓騎行者在夜間或昏暗的環境中能夠清晰看到前方道路和障礙物，提高安全性。', 185, 879, 0, 0, '2023-07-09 16:01:43', '2023-07-19 07:41:50', '未出租', NULL),
(35, 'dCn5G0Wx8', 'luggageRack', '新竹市', '東區', '強化玻璃纖維自行車水壺架', NULL, '強化玻璃纖維自行車水壺架是一個堅固且輕量化的配件，專為自行車愛好者設計。它使用高品質的強化玻璃纖維材料製成，具有優異的耐用性和抗衝擊性能。\r\n\r\n這款水壺架安裝在自行車的車架上，提供方便快捷的水壺存放解決方案。它可以容納各種尺寸的水壺，並採用調節器設計，可以根據需要調整水壺的固定度。這樣可以確保水壺在騎行過程中不會晃動或掉落，讓您隨時可以輕鬆取用水壺，保持身體水分補充。', 315, 400, 0, 0, '2023-07-09 16:01:43', '2023-07-11 06:10:36', '未出租', NULL),
(36, '3x7Y90', 'trekkingPoles', '台北市', '信義區', '2D 直握把 卡榫式調節登山杖', NULL, '2D直握把卡榫式調節登山杖是一款專為登山愛好者設計的實用工具。這款登山杖具有直握把設計，提供舒適的手握感受和良好的控制性能。\r\n\r\n登山杖的特點之一是卡榫式調節功能。它採用卡榫機構，使您可以輕鬆地調節杖的長度，以適應不同的地形和身高需求。這意味著您可以根據需要延長或縮短登山杖的長度，以獲得最佳的支撐效果和舒適度。', 200, 500, 0, 0, '2023-07-09 16:26:26', '2023-07-19 07:34:01', '未出租', NULL),
(37, 'B28y4Sd', 'trekkingPoles', '新北市', '三峽區', '3D 直握把 卡榫式+外鎖式調節 摺疊登', NULL, '3D直握把卡榫式+外鎖式調節摺疊登山杖是一款功能全面的登山工具。採用3D直握把設計，提供出色的手握舒適度和穩定性。具備卡榫式+外鎖式調節功能，方便快速地調節杖的長度，適應不同的地形和身高需求。摺疊設計使其易於攜帶和收納。這款杖子是登山愛好者的理想選擇，能夠提供良好的支撐和穩定性，讓您在登山過程中更加自在和安全。', 200, 700, 0, 0, '2023-07-09 16:26:26', '2023-07-11 06:10:36', '未出租', NULL),
(38, 'a6ZQ2M', 'trekkingPoles', '桃園市', '中壢區', '3D 直握把 鋁合金外鎖式調節登山杖', NULL, '3D直握把鋁合金外鎖式調節登山杖是一款專為登山者設計的高品質工具。採用3D直握把設計，提供出色的握持舒適度和防滑效果，讓您在攀登山岩或行走陡峭山徑時更加穩定。這款登山杖使用堅固耐用的鋁合金材料製造，輕量而耐用，適合長時間使用。外鎖式調節設計讓您能輕鬆調整杖的長度以適應不同的地形和行走需求。', 220, 700, 0, 0, '2023-07-09 16:26:26', '2023-07-19 07:42:02', '未出租', NULL),
(39, 'P39e5iR', 'gripEquipment', '台中市', '北屯區', '流明 10m 照度登山健行頭燈 (手動充', NULL, '這款流明10m照度的登山健行頭燈是一款功能強大的照明工具，特別設計用於登山和健行活動。擁有高亮度的照明效果，可在10米範圍內提供明亮的照明，確保您在夜間或昏暗環境中能夠清晰看到前方道路和周圍環境。此外，它具有手動充電功能，讓您能夠方便地為頭燈充電，無需擔心電池耗盡的問題。輕巧而舒適的頭帶設計使其易於戴上和調整，讓您在行進中保持自由和靈活。這款頭燈是登山和健行愛好者的理想選擇，為您提供安全和方便的照', 100, 300, 0, 0, '2023-07-09 16:26:26', '2023-07-11 06:10:36', '未出租', NULL),
(41, 'dCn5G0Wx8', 'gripEquipment', '高雄市', '三民區', '流明 25m 照度登山健行頭燈12', NULL, '這款流明25m照度的登山健行頭燈是一款強大的照明工具，專為登山和健行活動而設計。它提供高亮度的照明效果，能夠照亮25米的範圍，讓您在夜間或昏暗的環境中清楚看到前方的道路和周圍的環境。頭燈具有12個不同模式的燈光，可以根據需求調整照明方式，包括不同的亮度和閃爍模式。', 120, 600, 0, 0, '2023-07-09 16:26:26', '2023-07-11 06:10:36', '未出租', NULL),
(42, 'R9zKuqX75', 'trekkingPoles', '基隆市', '仁愛區', '卡榫式+外鎖式調節 摺疊登山杖', NULL, '這款卡榫式+外鎖式調節摺疊登山杖是一款功能強大的登山工具。它具有卡榫式和外鎖式調節系統，可以輕鬆調節杖子的長度，以適應不同的地形和需求。杖子的摺疊設計讓它易於攜帶和儲存，方便攜帶到登山和健行的目的地。這款登山杖的結構堅固，由耐用的材料製成，能夠提供穩定的支撐和抗壓能力。', 170, 400, 0, 0, '2023-07-09 16:26:26', '2023-07-19 07:42:16', '未出租', NULL),
(43, '3x7Y90', 'trekkingPoles', '新竹市', '東區', '高機能二節式旋鈕調節登山杖', NULL, '\r\n這款高機能的二節式旋鈕調節登山杖是登山愛好者的理想選擇。它採用了旋鈕調節系統，讓您可以輕鬆調節杖子的長度以適應不同的地形和需求。這種調節系統簡單易用，且提供可靠的固定，確保登山杖在使用過程中保持穩定性。\r\n\r\n登山杖的設計具有高機能性，它使用耐用的材料製成，能夠承受重壓和抗磨損。杖子的把手設計符合人體工學，提供舒適的握持感，減輕手部疲勞。此外，登山杖還配備了防滑的手柄和可靠的護腕帶，提供更好的', 150, 500, 0, 0, '2023-07-09 16:26:26', '2023-07-19 07:46:05', '出租中', NULL),
(44, 'B28y4Sd', 'gripEquipment', '嘉義市', '東區', '登山健行柔軟充氣式枕頭', NULL, '這款登山健行柔軟充氣式枕頭是您在戶外活動中的理想伴侶。它採用高品質的柔軟充氣材料製成，提供舒適的支撐和良好的睡眠品質。這個枕頭可以根據您的需要輕鬆調整充氣程度，讓您找到最合適的枕頭硬度和高度。\r\n\r\n這款枕頭設計輕巧便攜，可以輕鬆地收納在背包或行囊中。它具有快速充氣和放氣的功能，讓您在需要時可以快速膨脹和放氣。無論您是在登山、露營、健行還是旅行中，這個充氣式枕頭都能提供您舒適的睡眠環境，減輕頸部和', 345, 600, 0, 0, '2023-07-09 16:26:26', '2023-07-19 07:42:35', '未出租', NULL),
(45, 'a6ZQ2M', 'trekkingPoles', '新竹縣', '竹北市', 'T 型握把 卡榫式調節登山杖', NULL, '這款T型握把卡榫式調節登山杖是登山愛好者的理想選擇。它採用高品質的材料製成，具有堅固耐用的特點，可以在各種地形和環境下提供可靠的支撐和穩定性。\r\n\r\n這個登山杖的特色在於其獨特的T型握把設計，提供了舒適的握持感和良好的握把力，有助於減輕手部疲勞和增加控制力。此外，它還配備了卡榫式調節功能，可以根據您的身高和需求輕鬆調整杖身的長度，以適應不同的地形和坡度。', 200, 400, 0, 0, '2023-07-09 16:26:26', '2023-07-11 06:10:36', '未出租', NULL);

-- --------------------------------------------------------

--
-- 資料表結構 `productcategorymap`
--

CREATE TABLE `productcategorymap` (
  `productCategoryChild` varchar(30) NOT NULL,
  `productCategoryId` varchar(10) NOT NULL,
  `isDelete` tinyint(1) NOT NULL DEFAULT 0,
  `createTime` timestamp NOT NULL DEFAULT current_timestamp(),
  `updateTime` timestamp NOT NULL DEFAULT current_timestamp() ON UPDATE current_timestamp()
) ENGINE=InnoDB DEFAULT CHARSET=utf8mb4 COLLATE=utf8mb4_general_ci;

--
-- 傾印資料表的資料 `productcategorymap`
--

INSERT INTO `productcategorymap` (`productCategoryChild`, `productCategoryId`, `isDelete`, `createTime`, `updateTime`) VALUES
('backpack', 'mountain', 0, '2023-07-04 08:19:45', '2023-07-04 08:19:45'),
('ballSports', 'sportsLeis', 0, '2023-07-04 08:19:45', '2023-07-04 08:19:45'),
('bicycle', 'cycling', 0, '2023-07-04 08:19:45', '2023-07-04 08:19:45'),
('bicycleAccessories', 'cycling', 0, '2023-07-04 08:19:45', '2023-07-04 08:19:45'),
('bikeLight', 'cycling', 0, '2023-07-04 08:19:45', '2023-07-04 08:19:45'),
('camera', 'photograph', 0, '2023-07-04 08:19:45', '2023-07-04 08:19:45'),
('climbingEquipment', 'mountain', 0, '2023-07-04 08:19:45', '2023-07-04 08:19:45'),
('divingAccessories', 'diving', 0, '2023-07-04 08:19:45', '2023-07-04 08:19:45'),
('divingFins', 'diving', 0, '2023-07-04 08:19:45', '2023-07-04 08:19:45'),
('divingMask', 'diving', 0, '2023-07-04 08:19:45', '2023-07-04 08:19:45'),
('divingSnorkel', 'diving', 0, '2023-07-04 08:19:45', '2023-07-04 08:19:45'),
('fitnessEquipment', 'sportsLeis', 0, '2023-07-04 08:19:45', '2023-07-04 08:19:45'),
('gripEquipment', 'mountain', 0, '2023-07-04 08:19:45', '2023-07-04 08:19:45'),
('helmet', 'cycling', 0, '2023-07-04 08:19:45', '2023-07-04 08:19:45'),
('hikingShoes', 'mountain', 0, '2023-07-04 08:19:45', '2023-07-04 08:19:45'),
('kayak', 'waterSport', 0, '2023-07-04 08:19:45', '2023-07-04 08:19:45'),
('leisureEntertainment', 'sportsLeis', 0, '2023-07-04 08:19:45', '2023-07-04 08:19:45'),
('lens', 'photograph', 0, '2023-07-04 08:19:45', '2023-07-04 08:19:45'),
('luggageRack', 'cycling', 0, '2023-07-04 08:19:45', '2023-07-04 08:19:45'),
('moisturePad', 'camping', 0, '2023-07-04 08:19:45', '2023-07-04 08:19:45'),
('outdoorRecreation', 'sportsLeis', 0, '2023-07-04 08:19:45', '2023-07-04 08:19:45'),
('outdoorStove', 'camping', 0, '2023-07-04 08:19:45', '2023-07-04 08:19:45'),
('paddleBoat', 'waterSport', 0, '2023-07-04 08:19:45', '2023-07-04 08:19:45'),
('photographyAccessories', 'photograph', 0, '2023-07-04 08:19:45', '2023-07-06 04:04:15'),
('picnicTableChair', 'camping', 0, '2023-07-04 08:19:45', '2023-07-04 08:19:45'),
('sailboard', 'waterSport', 0, '2023-07-04 08:19:45', '2023-07-04 08:19:45'),
('shootingEquipment', 'photograph', 0, '2023-07-04 08:19:45', '2023-07-04 08:19:45'),
('ski', 'skiing', 0, '2023-07-04 08:19:45', '2023-07-04 08:19:45'),
('skiAccessories', 'skiing', 0, '2023-07-04 08:19:45', '2023-07-04 08:19:45'),
('skiBoots', 'skiing', 0, '2023-07-04 08:19:45', '2023-07-04 08:19:45'),
('skiClothing', 'skiing', 0, '2023-07-04 08:19:45', '2023-07-04 08:19:45'),
('sleepingBag', 'camping', 0, '2023-07-04 08:19:45', '2023-07-04 08:19:45'),
('snorkelingEquipment', 'waterSport', 0, '2023-07-04 08:19:45', '2023-07-04 08:19:45'),
('snorkelingSet', 'diving', 0, '2023-07-04 08:19:45', '2023-07-04 08:19:45'),
('snowboard', 'skiing', 0, '2023-07-04 08:19:45', '2023-07-04 08:19:45'),
('sportsAccessories', 'sportsLeis', 0, '2023-07-04 08:19:45', '2023-07-04 08:19:45'),
('swimmingEquipment', 'waterSport', 0, '2023-07-04 08:19:45', '2023-07-04 08:19:45'),
('tent', 'camping', 0, '2023-07-04 08:19:45', '2023-07-04 08:19:45'),
('trekkingPoles', 'mountain', 0, '2023-07-04 08:19:45', '2023-07-09 16:20:19'),
('tripod', 'photograph', 0, '2023-07-04 08:19:45', '2023-07-04 08:19:45'),
('帳篷', '露營用具', 0, '2023-07-03 07:36:30', '2023-07-03 07:36:30'),
('提燈', '露營用具', 0, '2023-07-03 07:36:30', '2023-07-03 07:36:30'),
('潛水鏡', '潛水用具', 0, '2023-07-03 07:39:16', '2023-07-03 07:39:16'),
('登山包', '登山用具', 0, '2023-07-03 07:37:18', '2023-07-03 07:37:18'),
('登山杖', '登山用具', 0, '2023-07-03 07:37:18', '2023-07-03 07:37:18'),
('蛙鞋', '潛水用具', 0, '2023-07-03 07:39:16', '2023-07-03 07:39:16'),
('防水布', '登山用具', 0, '2023-07-03 07:37:28', '2023-07-03 07:37:28');

-- --------------------------------------------------------

--
-- 資料表結構 `ratings`
--

CREATE TABLE `ratings` (
  `RatingID` int(11) NOT NULL,
  `Rating` int(11) NOT NULL,
  `Comment` varchar(100) DEFAULT NULL,
  `Buyer` varchar(50) NOT NULL,
  `productId` int(11) NOT NULL,
  `RatingDate` timestamp NOT NULL DEFAULT current_timestamp()
) ENGINE=InnoDB DEFAULT CHARSET=utf8mb4 COLLATE=utf8mb4_general_ci;

--
-- 傾印資料表的資料 `ratings`
--

INSERT INTO `ratings` (`RatingID`, `Rating`, `Comment`, `Buyer`, `productId`, `RatingDate`) VALUES
(7, 4, '好好用的2mm保暖浮潛/潛水襪，非常舒適。', 'R9zKuqX75', 1, '2023-05-20 14:13:29'),
(8, 1, '這款襪子真的很不錯，對於冷水潛水來說是個好選擇。', 'a6ZQ2M', 1, '2023-04-20 14:13:29'),
(9, 1, '質量很好，非常耐穿，非常滿意的一次租借。', 'B28y4Sd', 1, '2023-07-10 14:13:29'),
(10, 2, '剛好合腳，保暖效果也不錯，值得推薦。', 'f2KjT4Y1', 1, '2023-06-20 14:11:29'),
(11, 3, '潛水襪質量非常好，租金也很合理，非常滿意。', 'P39e5iR', 1, '2023-01-13 14:13:29');

--
-- 觸發器 `ratings`
--
DELIMITER $$
CREATE TRIGGER `update_average_rating` AFTER INSERT ON `ratings` FOR EACH ROW BEGIN
    -- 計算對應產品的評分平均值並更新到 product 表
    UPDATE product p
    SET p.AvgRating = (
        SELECT AVG(Rating)
        FROM Ratings
        WHERE Ratings.ProductID = p.ProductID
    )
    WHERE p.ProductID = NEW.ProductID;
END
$$
DELIMITER ;

-- --------------------------------------------------------

--
-- 資料表結構 `tradeitem`
--

CREATE TABLE `tradeitem` (
  `tradeItemId` int(30) NOT NULL,
  `account` varchar(30) NOT NULL,
  `productAccount` varchar(30) NOT NULL,
  `tradeType` varchar(20) NOT NULL,
  `tradeTypePriceId` int(5) NOT NULL,
  `payType` varchar(20) NOT NULL,
  `state` int(10) DEFAULT 0,
  `address` varchar(100) DEFAULT NULL,
  `isDelete` tinyint(1) NOT NULL DEFAULT 0,
  `createTime` timestamp NOT NULL DEFAULT current_timestamp()
) ENGINE=InnoDB DEFAULT CHARSET=utf8mb4 COLLATE=utf8mb4_general_ci;

--
-- 傾印資料表的資料 `tradeitem`
--

INSERT INTO `tradeitem` (`tradeItemId`, `account`, `productAccount`, `tradeType`, `tradeTypePriceId`, `payType`, `state`, `address`, `isDelete`, `createTime`) VALUES
(1, 'kevin890762', '3x7Y90', '7-11取貨', 1, '貨到付款', 0, '新竹市東區建中一路52號1樓建盛門市', 0, '2023-07-11 07:21:46'),
(2, 'a6ZQ2M', '3x7Y90', '7-11取貨', 1, '貨到付款', 0, '桃園市八德區福國街76-1號八福門市', 0, '2023-07-11 07:21:46'),
(3, 'dCn5G0Wx8', '3x7Y90', '7-11取貨', 2, '貨到付款', 2, '台中市大里區中興路一段255號大金門市', 0, '2023-07-11 07:21:46'),
(4, 'P39e5iR', '3x7Y90', '7-11取貨', 2, '貨到付款', 3, '台中市大里區中興路一段255號大金門市', 0, '2023-07-11 07:21:46'),
(5, '3x7Y90', 'B28y4Sd', '7-11取貨', 1, '貨到付款', 0, '台中市大里區大峰路167號大峰門市', 0, '2023-07-11 07:21:46'),
(6, '3x7Y90', 'B28y4Sd', '7-11取貨', 3, '貨到付款', 3, '宜蘭縣羅東鎮公正路31號1樓金站門市', 0, '2023-07-11 07:21:46'),
(7, '3x7Y90', 'a6ZQ2M', '7-11取貨', 1, '貨到付款', 1, '台中市大里區大峰路167號大峰門市', 0, '2023-07-11 07:21:46'),
(8, '3x7Y90', 'f2KjT4Y1', '7-11取貨', 2, '貨到付款', 2, '台中市大里區大峰路167號大峰門市', 0, '2023-07-11 07:21:46'),
(9, '3x7Y90', 'R9zKuqX75', '7-11取貨', 2, '貨到付款', 3, '台中市大里區大峰路167號大峰門市', 0, '2023-07-11 07:21:46');

-- --------------------------------------------------------

--
-- 資料表結構 `tradeitemmap`
--

CREATE TABLE `tradeitemmap` (
  `tradeItemId` int(30) NOT NULL,
  `productId` varchar(30) NOT NULL,
  `rentStart` date NOT NULL,
  `rentEnd` date NOT NULL
) ENGINE=InnoDB DEFAULT CHARSET=utf8mb4 COLLATE=utf8mb4_general_ci;

--
-- 傾印資料表的資料 `tradeitemmap`
--

INSERT INTO `tradeitemmap` (`tradeItemId`, `productId`, `rentStart`, `rentEnd`) VALUES
(1, '1', '2023-07-03', '2023-07-10'),
(1, '17', '2023-07-03', '2023-07-10'),
(2, '36', '2023-07-12', '2023-07-14'),
(2, '8', '2023-07-12', '2023-07-14'),
(3, '28', '2023-07-01', '2023-07-04'),
(3, '43', '2023-07-01', '2023-07-04'),
(4, '23', '2023-07-22', '2023-07-23'),
(5, '2', '2023-07-12', '2023-07-14'),
(5, '29', '2023-07-12', '2023-07-14'),
(6, '24', '2023-07-21', '2023-07-23'),
(6, '29', '2023-07-21', '2023-07-23'),
(6, '44', '2023-07-21', '2023-07-23'),
(7, '19', '2023-07-07', '2023-07-14'),
(7, '25', '2023-07-07', '2023-07-14'),
(8, '22', '2023-07-29', '2023-07-30'),
(8, '27', '2023-07-29', '2023-07-30'),
(9, '14', '2023-07-19', '2023-07-30'),
(9, '16', '2023-07-19', '2023-07-30');

-- --------------------------------------------------------

--
-- 資料表結構 `tradetypeprice`
--

CREATE TABLE `tradetypeprice` (
  `tradeTypePriceId` int(5) NOT NULL,
  `tradeType` varchar(20) NOT NULL,
  `cityCountyStar` varchar(20) NOT NULL,
  `cityCountyEnd` varchar(20) NOT NULL,
  `price` int(3) NOT NULL,
  `isDelete` tinyint(1) NOT NULL DEFAULT 0,
  `createTime` timestamp NOT NULL DEFAULT current_timestamp(),
  `updateTime` timestamp NOT NULL DEFAULT current_timestamp() ON UPDATE current_timestamp()
) ENGINE=InnoDB DEFAULT CHARSET=utf8mb4 COLLATE=utf8mb4_general_ci;

--
-- 傾印資料表的資料 `tradetypeprice`
--

INSERT INTO `tradetypeprice` (`tradeTypePriceId`, `tradeType`, `cityCountyStar`, `cityCountyEnd`, `price`, `isDelete`, `createTime`, `updateTime`) VALUES
(1, '店到店', '臺北市', '新北市', 30, 0, '2023-07-03 06:47:33', '2023-07-03 06:47:33'),
(2, '店到店', '臺北市', '臺中市', 60, 0, '2023-07-03 08:39:23', '2023-07-03 08:39:23'),
(3, '店到店', '臺北市', '高雄市', 90, 0, '2023-07-03 08:39:23', '2023-07-03 08:39:23');

-- --------------------------------------------------------

--
-- 資料表結構 `userinfo`
--

CREATE TABLE `userinfo` (
  `account` varchar(60) NOT NULL,
  `password` varchar(300) NOT NULL,
  `salt` varchar(20) NOT NULL,
  `name` varchar(20) NOT NULL,
  `identityCard` varchar(10) NOT NULL,
  `birthday` date NOT NULL,
  `phoneNumber` varchar(10) NOT NULL,
  `email` varchar(50) NOT NULL,
  `address` varchar(50) NOT NULL,
  `profilePictureSrc` varchar(200) NOT NULL,
  `gender` varchar(20) NOT NULL,
  `merchantRatings` float NOT NULL,
  `userRating` float NOT NULL,
  `isDelete` tinyint(1) NOT NULL DEFAULT 0,
  `creatTime` datetime NOT NULL DEFAULT current_timestamp(),
  `updateTime` timestamp NOT NULL DEFAULT current_timestamp() ON UPDATE current_timestamp(),
  `nickname` varchar(50) DEFAULT NULL
) ENGINE=InnoDB DEFAULT CHARSET=utf8mb4 COLLATE=utf8mb4_general_ci;

--
-- 傾印資料表的資料 `userinfo`
--

INSERT INTO `userinfo` (`account`, `password`, `salt`, `name`, `identityCard`, `birthday`, `phoneNumber`, `email`, `address`, `profilePictureSrc`, `gender`, `merchantRatings`, `userRating`, `isDelete`, `creatTime`, `updateTime`, `nickname`) VALUES
('3x7Y90', '$2b$10$bcqZUOjXda74UKyDcgxO3.6Z9yQuVok7Tj2lutn80Ubjn96TidwNC', '$2b$10$bcqZUOjXda74U', '王大明', 'N123222227', '2001-09-03', '0912222237', 'michamas@example.com', '', 'profilePictureSrc/Rectangle%201429.jpg', '1', 0, 0, 0, '2023-07-11 11:16:23', '2023-07-11 03:54:26', '阿明'),
('a6ZQ2M', '$2b$10$DY7Rmxcpg8ggRapVJ2NvIuVHJzHCImjEEhc49E3NsRwRqARq/HltS', '$2b$10$DY7Rmxcpg8ggR', '李大熊', 'B123256789', '1963-11-11', '0911222222', 'david.wilson@example.com', '', 'profilePictureSrc/Rectangle%201431.jpg', '1', 0, 0, 0, '2023-07-11 11:18:39', '2023-07-11 03:54:46', '大雄'),
('ac8s', '$2b$10$CeM5jG6mdGvLxgMv3DNe4emoy6l/Lj.ekwZyGgLg4YWSoQU8UkFQe', '$2b$10$CeM5jG6mdGvLx', '阿張', 'B123456789', '2023-07-13', '0919191919', 'ac8s@123.com', '', '', '1', 0, 0, 0, '2023-07-20 21:02:46', '2023-07-20 13:02:46', '阿張'),
('B28y4Sd', '$2b$10$Ix412/92QAVrTFRH/RKbZuNQlBNAszJ90YGozcOW40EG8P8EVfBvu', '$2b$10$Ix412/92QAVrT', '張小華', 'N123122233', '2004-05-28', '0953222237', 'john.smith@example.com', '', 'profilePictureSrc/Rectangle%201428.jpg', '1', 0, 0, 0, '2023-07-11 11:17:19', '2023-07-11 03:54:26', '阿華'),
('dCn5G0Wx8', '$2b$10$p1dfNm4HT0d8xQKEf7pBZeuq.G5r4p1JAepNevzd38J5NJ02GmExm', '$2b$10$p1dfNm4HT0d8x', '張雨蓮', 'B123222227', '2000-06-27', '0912222238', 'david1.wilson@example.com', '', 'profilePictureSrc/Rectangle%201434.jpg', '2', 0, 0, 0, '2023-07-11 11:31:46', '2023-07-11 03:54:26', '小蓮'),
('f2KjT4Y1', '$2b$10$IVlFTyOmo0G3MugM03WhxOzRly.jv9LxQJGN4f2nXo3jlMyc22WVq', '$2b$10$IVlFTyOmo0G3M', '吳晨曦', 'B123222222', '1997-07-11', '0913333333', 'sarah.davis@example.com', '', 'profilePictureSrc/Rectangle%201434.jpg', '2', 0, 0, 0, '2023-07-11 11:20:09', '2023-07-11 03:54:26', 'Sam'),
('kevin890762', '0d2d9a877e57ff8eb1edb481938dbc569cfc88be', 'HK&KD#GJD%UGDS@YU<>', '酋長', 'n943694555', '2013-07-16', '0982599999', 'simsasdon9938@gmail.com', 'aaaaaaaa', '', '1', 5, 5, 0, '2023-07-11 15:16:11', '2023-07-11 07:16:11', '王八蛋'),
('P39e5iR', '$2b$10$KPjmGpgcffsGYfp7A3455.ZP.Xi570rMkTTDWDcOMlZ83aSZDoHLa', '$2b$10$KPjmGpgcffsGY', '陳雅琪', 'B123222233', '1998-02-11', '0912345679', 'jason.nguyen@example.com', '', 'profilePictureSrc/Rectangle%201433.jpg', '2', 0, 0, 0, '2023-07-11 11:19:15', '2023-07-11 03:54:26', '小琪'),
('R9zKuqX75', '$2b$10$/.iJSJeI0Pq61DpgMvFseuXf3NP7/9ihuuPjeMYfBS6OyfAr1Drui', '$2b$10$/.iJSJeI0Pq61', '王宗翰', 'B123256787', '1991-07-10', ' 091222223', 'michael.thomas@example.com', '', 'profilePictureSrc/Rectangle%201430.jpg', '1', 0, 0, 0, '2023-07-11 11:33:12', '2023-07-11 03:54:26', '小翰');

--
-- 已傾印資料表的索引
--

--
-- 資料表索引 `cartmap`
--
ALTER TABLE `cartmap`
  ADD PRIMARY KEY (`cartMapId`);

--
-- 資料表索引 `creditcard`
--
ALTER TABLE `creditcard`
  ADD PRIMARY KEY (`cadrNumber`);

--
-- 資料表索引 `favorites`
--
ALTER TABLE `favorites`
  ADD PRIMARY KEY (`id`),
  ADD KEY `productId` (`productId`);

--
-- 資料表索引 `imagemap`
--
ALTER TABLE `imagemap`
  ADD PRIMARY KEY (`imageSrc`),
  ADD KEY `productId` (`productId`);

--
-- 資料表索引 `product`
--
ALTER TABLE `product`
  ADD PRIMARY KEY (`productId`);

--
-- 資料表索引 `productcategorymap`
--
ALTER TABLE `productcategorymap`
  ADD PRIMARY KEY (`productCategoryChild`);

--
-- 資料表索引 `ratings`
--
ALTER TABLE `ratings`
  ADD PRIMARY KEY (`RatingID`);

--
-- 資料表索引 `tradeitem`
--
ALTER TABLE `tradeitem`
  ADD PRIMARY KEY (`tradeItemId`);

--
-- 資料表索引 `tradeitemmap`
--
ALTER TABLE `tradeitemmap`
  ADD PRIMARY KEY (`tradeItemId`,`productId`);

--
-- 資料表索引 `tradetypeprice`
--
ALTER TABLE `tradetypeprice`
  ADD PRIMARY KEY (`tradeTypePriceId`);

--
-- 資料表索引 `userinfo`
--
ALTER TABLE `userinfo`
  ADD PRIMARY KEY (`account`),
  ADD UNIQUE KEY `identityCard` (`identityCard`),
  ADD UNIQUE KEY `phoneNumber` (`phoneNumber`),
  ADD UNIQUE KEY `email` (`email`);

--
-- 在傾印的資料表使用自動遞增(AUTO_INCREMENT)
--

--
-- 使用資料表自動遞增(AUTO_INCREMENT) `cartmap`
--
ALTER TABLE `cartmap`
  MODIFY `cartMapId` int(7) NOT NULL AUTO_INCREMENT, AUTO_INCREMENT=10;

--
-- 使用資料表自動遞增(AUTO_INCREMENT) `favorites`
--
ALTER TABLE `favorites`
  MODIFY `id` int(11) NOT NULL AUTO_INCREMENT, AUTO_INCREMENT=5;

--
-- 使用資料表自動遞增(AUTO_INCREMENT) `product`
--
ALTER TABLE `product`
  MODIFY `productId` int(20) NOT NULL AUTO_INCREMENT, AUTO_INCREMENT=46;

--
-- 使用資料表自動遞增(AUTO_INCREMENT) `ratings`
--
ALTER TABLE `ratings`
  MODIFY `RatingID` int(11) NOT NULL AUTO_INCREMENT, AUTO_INCREMENT=12;

--
-- 使用資料表自動遞增(AUTO_INCREMENT) `tradeitem`
--
ALTER TABLE `tradeitem`
  MODIFY `tradeItemId` int(30) NOT NULL AUTO_INCREMENT, AUTO_INCREMENT=10;

--
-- 使用資料表自動遞增(AUTO_INCREMENT) `tradeitemmap`
--
ALTER TABLE `tradeitemmap`
  MODIFY `tradeItemId` int(30) NOT NULL AUTO_INCREMENT, AUTO_INCREMENT=12;

--
-- 使用資料表自動遞增(AUTO_INCREMENT) `tradetypeprice`
--
ALTER TABLE `tradetypeprice`
  MODIFY `tradeTypePriceId` int(5) NOT NULL AUTO_INCREMENT, AUTO_INCREMENT=4;

--
-- 已傾印資料表的限制式
--

--
-- 資料表的限制式 `favorites`
--
ALTER TABLE `favorites`
  ADD CONSTRAINT `favorites_ibfk_1` FOREIGN KEY (`productId`) REFERENCES `product` (`productId`);
COMMIT;

/*!40101 SET CHARACTER_SET_CLIENT=@OLD_CHARACTER_SET_CLIENT */;
/*!40101 SET CHARACTER_SET_RESULTS=@OLD_CHARACTER_SET_RESULTS */;
/*!40101 SET COLLATION_CONNECTION=@OLD_COLLATION_CONNECTION */;
